layer,position,log_prob_delta,ex_idx
0,s1_in_r1,0.0,0
0,o1_in_r1,0.0,0
0,s2_in_r1,0.0,0
0,o2_in_r1,0.0,0
0,s1_in_r2,0.0,0
0,o3_in_r2,0.0,0
0,s2_in_r2,0.0,0
0,o4_in_r2,0.0,0
0,s1_in_cue,0.0,0
0,o1_in_cue,0.0,0
0,s2_in_cue,0.0,0
0,analogy_site,0.0,0
1,s1_in_r1,0.0,0
1,o1_in_r1,0.0,0
1,s2_in_r1,0.0,0
1,o2_in_r1,0.0,0
1,s1_in_r2,0.0,0
1,o3_in_r2,0.0,0
1,s2_in_r2,0.0,0
1,o4_in_r2,0.0,0
1,s1_in_cue,0.0,0
1,o1_in_cue,0.0,0
1,s2_in_cue,0.0,0
1,analogy_site,0.0,0
2,s1_in_r1,0.0,0
2,o1_in_r1,0.0,0
2,s2_in_r1,0.0,0
2,o2_in_r1,0.0,0
2,s1_in_r2,0.0,0
2,o3_in_r2,0.0,0
2,s2_in_r2,0.0,0
2,o4_in_r2,0.0,0
2,s1_in_cue,0.0,0
2,o1_in_cue,0.0,0
2,s2_in_cue,0.0,0
2,analogy_site,0.0,0
3,s1_in_r1,0.0,0
3,o1_in_r1,0.0,0
3,s2_in_r1,0.0,0
3,o2_in_r1,0.0,0
3,s1_in_r2,0.0,0
3,o3_in_r2,0.0,0
3,s2_in_r2,0.0,0
3,o4_in_r2,0.0,0
3,s1_in_cue,0.0,0
3,o1_in_cue,0.0,0
3,s2_in_cue,0.0,0
3,analogy_site,0.0,0
4,s1_in_r1,0.0,0
4,o1_in_r1,0.0,0
4,s2_in_r1,0.0,0
4,o2_in_r1,0.0,0
4,s1_in_r2,0.0,0
4,o3_in_r2,0.0,0
4,s2_in_r2,0.0,0
4,o4_in_r2,0.0,0
4,s1_in_cue,0.0,0
4,o1_in_cue,0.0,0
4,s2_in_cue,0.0,0
4,analogy_site,0.0,0
5,s1_in_r1,0.0,0
5,o1_in_r1,0.0,0
5,s2_in_r1,0.0,0
5,o2_in_r1,0.0,0
5,s1_in_r2,0.0,0
5,o3_in_r2,0.0,0
5,s2_in_r2,0.0,0
5,o4_in_r2,0.0,0
5,s1_in_cue,0.0,0
5,o1_in_cue,0.0,0
5,s2_in_cue,0.0,0
5,analogy_site,0.0,0
6,s1_in_r1,0.0,0
6,o1_in_r1,0.0,0
6,s2_in_r1,0.0,0
6,o2_in_r1,0.0,0
6,s1_in_r2,0.0,0
6,o3_in_r2,0.0,0
6,s2_in_r2,0.0,0
6,o4_in_r2,0.0,0
6,s1_in_cue,0.0,0
6,o1_in_cue,0.0,0
6,s2_in_cue,0.0,0
6,analogy_site,0.0,0
7,s1_in_r1,0.0,0
7,o1_in_r1,0.0,0
7,s2_in_r1,0.0,0
7,o2_in_r1,0.0,0
7,s1_in_r2,0.0,0
7,o3_in_r2,0.0,0
7,s2_in_r2,0.0,0
7,o4_in_r2,0.0,0
7,s1_in_cue,0.0,0
7,o1_in_cue,0.0,0
7,s2_in_cue,0.0,0
7,analogy_site,0.0,0
8,s1_in_r1,0.0,0
8,o1_in_r1,0.0,0
8,s2_in_r1,0.0,0
8,o2_in_r1,0.0,0
8,s1_in_r2,0.0,0
8,o3_in_r2,0.0,0
8,s2_in_r2,0.0,0
8,o4_in_r2,0.0,0
8,s1_in_cue,0.0,0
8,o1_in_cue,0.0,0
8,s2_in_cue,0.0,0
8,analogy_site,0.0,0
9,s1_in_r1,0.0,0
9,o1_in_r1,0.0,0
9,s2_in_r1,0.0,0
9,o2_in_r1,0.0,0
9,s1_in_r2,0.0,0
9,o3_in_r2,0.0,0
9,s2_in_r2,0.0,0
9,o4_in_r2,0.0,0
9,s1_in_cue,0.0,0
9,o1_in_cue,0.0,0
9,s2_in_cue,0.0,0
9,analogy_site,0.0,0
10,s1_in_r1,0.0,0
10,o1_in_r1,0.0,0
10,s2_in_r1,0.0,0
10,o2_in_r1,0.0,0
10,s1_in_r2,0.0,0
10,o3_in_r2,0.0,0
10,s2_in_r2,0.0,0
10,o4_in_r2,0.0,0
10,s1_in_cue,0.0,0
10,o1_in_cue,0.0,0
10,s2_in_cue,0.0,0
10,analogy_site,0.0,0
11,s1_in_r1,0.0,0
11,o1_in_r1,0.0,0
11,s2_in_r1,0.0,0
11,o2_in_r1,0.0,0
11,s1_in_r2,0.0,0
11,o3_in_r2,0.0,0
11,s2_in_r2,0.0,0
11,o4_in_r2,0.0,0
11,s1_in_cue,0.0,0
11,o1_in_cue,0.0,0
11,s2_in_cue,0.0,0
11,analogy_site,0.0,0
12,s1_in_r1,0.0,0
12,o1_in_r1,0.0,0
12,s2_in_r1,0.0,0
12,o2_in_r1,0.0,0
12,s1_in_r2,0.0,0
12,o3_in_r2,0.0,0
12,s2_in_r2,0.0,0
12,o4_in_r2,0.0,0
12,s1_in_cue,0.0,0
12,o1_in_cue,0.0,0
12,s2_in_cue,0.0,0
12,analogy_site,0.0,0
13,s1_in_r1,0.0,0
13,o1_in_r1,0.0,0
13,s2_in_r1,0.0,0
13,o2_in_r1,0.0,0
13,s1_in_r2,0.0,0
13,o3_in_r2,0.0,0
13,s2_in_r2,0.0,0
13,o4_in_r2,0.0,0
13,s1_in_cue,0.0,0
13,o1_in_cue,0.0,0
13,s2_in_cue,0.0,0
13,analogy_site,0.0,0
14,s1_in_r1,0.0,0
14,o1_in_r1,0.0,0
14,s2_in_r1,0.0,0
14,o2_in_r1,0.0,0
14,s1_in_r2,0.0,0
14,o3_in_r2,0.0,0
14,s2_in_r2,0.0,0
14,o4_in_r2,0.0,0
14,s1_in_cue,0.0,0
14,o1_in_cue,0.0,0
14,s2_in_cue,0.0,0
14,analogy_site,0.0,0
15,s1_in_r1,0.0,0
15,o1_in_r1,0.0,0
15,s2_in_r1,0.0,0
15,o2_in_r1,0.0,0
15,s1_in_r2,0.0,0
15,o3_in_r2,0.0,0
15,s2_in_r2,0.0,0
15,o4_in_r2,0.0,0
15,s1_in_cue,0.0,0
15,o1_in_cue,0.0,0
15,s2_in_cue,0.0,0
15,analogy_site,0.0,0
16,s1_in_r1,0.0,0
16,o1_in_r1,0.0,0
16,s2_in_r1,0.0,0
16,o2_in_r1,0.0,0
16,s1_in_r2,0.0,0
16,o3_in_r2,0.0,0
16,s2_in_r2,0.0,0
16,o4_in_r2,0.0,0
16,s1_in_cue,0.0,0
16,o1_in_cue,0.0,0
16,s2_in_cue,0.0,0
16,analogy_site,0.0,0
17,s1_in_r1,0.0,0
17,o1_in_r1,0.0,0
17,s2_in_r1,0.0,0
17,o2_in_r1,0.0,0
17,s1_in_r2,0.0,0
17,o3_in_r2,0.0,0
17,s2_in_r2,0.0,0
17,o4_in_r2,0.0,0
17,s1_in_cue,0.0,0
17,o1_in_cue,0.0,0
17,s2_in_cue,0.0,0
17,analogy_site,0.0,0
18,s1_in_r1,0.0,0
18,o1_in_r1,0.0,0
18,s2_in_r1,0.0,0
18,o2_in_r1,0.0,0
18,s1_in_r2,0.0,0
18,o3_in_r2,0.0,0
18,s2_in_r2,0.0,0
18,o4_in_r2,0.0,0
18,s1_in_cue,0.0,0
18,o1_in_cue,0.0,0
18,s2_in_cue,0.0,0
18,analogy_site,0.0,0
19,s1_in_r1,0.0,0
19,o1_in_r1,0.0,0
19,s2_in_r1,0.0,0
19,o2_in_r1,0.0,0
19,s1_in_r2,0.0,0
19,o3_in_r2,0.0,0
19,s2_in_r2,0.0,0
19,o4_in_r2,0.0,0
19,s1_in_cue,0.0,0
19,o1_in_cue,0.0,0
19,s2_in_cue,0.0,0
19,analogy_site,0.0,0
20,s1_in_r1,0.0,0
20,o1_in_r1,0.0,0
20,s2_in_r1,0.0,0
20,o2_in_r1,0.0,0
20,s1_in_r2,0.0,0
20,o3_in_r2,0.0,0
20,s2_in_r2,0.0,0
20,o4_in_r2,0.0,0
20,s1_in_cue,0.0,0
20,o1_in_cue,0.0,0
20,s2_in_cue,0.0,0
20,analogy_site,0.0,0
21,s1_in_r1,0.0,0
21,o1_in_r1,0.0,0
21,s2_in_r1,0.0,0
21,o2_in_r1,0.0,0
21,s1_in_r2,0.0,0
21,o3_in_r2,0.0,0
21,s2_in_r2,0.0,0
21,o4_in_r2,0.0,0
21,s1_in_cue,0.0,0
21,o1_in_cue,0.0,0
21,s2_in_cue,0.0,0
21,analogy_site,0.0,0
22,s1_in_r1,0.0,0
22,o1_in_r1,0.0,0
22,s2_in_r1,0.0,0
22,o2_in_r1,0.0,0
22,s1_in_r2,0.0,0
22,o3_in_r2,0.0,0
22,s2_in_r2,0.0,0
22,o4_in_r2,0.0,0
22,s1_in_cue,0.0,0
22,o1_in_cue,0.0,0
22,s2_in_cue,0.0,0
22,analogy_site,0.0,0
23,s1_in_r1,0.0,0
23,o1_in_r1,0.0,0
23,s2_in_r1,0.0,0
23,o2_in_r1,0.0,0
23,s1_in_r2,0.0,0
23,o3_in_r2,0.0,0
23,s2_in_r2,0.0,0
23,o4_in_r2,0.0,0
23,s1_in_cue,0.0,0
23,o1_in_cue,0.0,0
23,s2_in_cue,0.0,0
23,analogy_site,0.0,0
24,s1_in_r1,0.0,0
24,o1_in_r1,0.0,0
24,s2_in_r1,0.0,0
24,o2_in_r1,0.0,0
24,s1_in_r2,0.0,0
24,o3_in_r2,0.0,0
24,s2_in_r2,0.0,0
24,o4_in_r2,0.0,0
24,s1_in_cue,0.0,0
24,o1_in_cue,0.0,0
24,s2_in_cue,0.0,0
24,analogy_site,0.0,0
25,s1_in_r1,0.0,0
25,o1_in_r1,0.0,0
25,s2_in_r1,0.0,0
25,o2_in_r1,0.0,0
25,s1_in_r2,0.0,0
25,o3_in_r2,0.0,0
25,s2_in_r2,0.0,0
25,o4_in_r2,0.0,0
25,s1_in_cue,0.0,0
25,o1_in_cue,0.0,0
25,s2_in_cue,0.0,0
25,analogy_site,0.0,0
26,s1_in_r1,0.0,0
26,o1_in_r1,0.0,0
26,s2_in_r1,0.0,0
26,o2_in_r1,0.0,0
26,s1_in_r2,0.0,0
26,o3_in_r2,0.0,0
26,s2_in_r2,0.0,0
26,o4_in_r2,0.0,0
26,s1_in_cue,0.0,0
26,o1_in_cue,0.0,0
26,s2_in_cue,0.0,0
26,analogy_site,0.0,0
27,s1_in_r1,0.0,0
27,o1_in_r1,0.0,0
27,s2_in_r1,0.0,0
27,o2_in_r1,0.0,0
27,s1_in_r2,0.0,0
27,o3_in_r2,0.0,0
27,s2_in_r2,0.0,0
27,o4_in_r2,0.0,0
27,s1_in_cue,0.0,0
27,o1_in_cue,0.0,0
27,s2_in_cue,0.0,0
27,analogy_site,0.0,0
28,s1_in_r1,0.0,0
28,o1_in_r1,0.0,0
28,s2_in_r1,0.0,0
28,o2_in_r1,0.0,0
28,s1_in_r2,0.0,0
28,o3_in_r2,0.0,0
28,s2_in_r2,0.0,0
28,o4_in_r2,0.0,0
28,s1_in_cue,0.0,0
28,o1_in_cue,0.0,0
28,s2_in_cue,0.0,0
28,analogy_site,0.0,0
29,s1_in_r1,0.0,0
29,o1_in_r1,0.0,0
29,s2_in_r1,0.0,0
29,o2_in_r1,0.0,0
29,s1_in_r2,0.0,0
29,o3_in_r2,0.0,0
29,s2_in_r2,0.0,0
29,o4_in_r2,0.0,0
29,s1_in_cue,0.0,0
29,o1_in_cue,0.0,0
29,s2_in_cue,0.0,0
29,analogy_site,0.0,0
30,s1_in_r1,0.0,0
30,o1_in_r1,0.0,0
30,s2_in_r1,0.0,0
30,o2_in_r1,0.0,0
30,s1_in_r2,0.0,0
30,o3_in_r2,0.0,0
30,s2_in_r2,0.0,0
30,o4_in_r2,0.0,0
30,s1_in_cue,0.0,0
30,o1_in_cue,0.0,0
30,s2_in_cue,0.0,0
30,analogy_site,0.0,0
31,s1_in_r1,0.0,0
31,o1_in_r1,0.0,0
31,s2_in_r1,0.0,0
31,o2_in_r1,0.0,0
31,s1_in_r2,0.0,0
31,o3_in_r2,0.0,0
31,s2_in_r2,0.0,0
31,o4_in_r2,0.0,0
31,s1_in_cue,0.0,0
31,o1_in_cue,0.0,0
31,s2_in_cue,0.0,0
31,analogy_site,0.0,0
32,s1_in_r1,0.0,0
32,o1_in_r1,0.0,0
32,s2_in_r1,0.0,0
32,o2_in_r1,0.0,0
32,s1_in_r2,0.0,0
32,o3_in_r2,0.0,0
32,s2_in_r2,0.0,0
32,o4_in_r2,0.0,0
32,s1_in_cue,0.0,0
32,o1_in_cue,0.0,0
32,s2_in_cue,0.0,0
32,analogy_site,0.0,0
33,s1_in_r1,0.0,0
33,o1_in_r1,0.0,0
33,s2_in_r1,0.0,0
33,o2_in_r1,0.0,0
33,s1_in_r2,0.0,0
33,o3_in_r2,0.0,0
33,s2_in_r2,0.0,0
33,o4_in_r2,0.0,0
33,s1_in_cue,0.0,0
33,o1_in_cue,0.0,0
33,s2_in_cue,0.0,0
33,analogy_site,0.0,0
34,s1_in_r1,0.0,0
34,o1_in_r1,0.0,0
34,s2_in_r1,0.0,0
34,o2_in_r1,0.0,0
34,s1_in_r2,0.0,0
34,o3_in_r2,0.0,0
34,s2_in_r2,0.0,0
34,o4_in_r2,0.0,0
34,s1_in_cue,0.0,0
34,o1_in_cue,0.0,0
34,s2_in_cue,0.0,0
34,analogy_site,0.0,0
35,s1_in_r1,0.0,0
35,o1_in_r1,0.0,0
35,s2_in_r1,0.0,0
35,o2_in_r1,0.0,0
35,s1_in_r2,0.0,0
35,o3_in_r2,0.0,0
35,s2_in_r2,0.0,0
35,o4_in_r2,0.0,0
35,s1_in_cue,0.0,0
35,o1_in_cue,0.0,0
35,s2_in_cue,0.0,0
35,analogy_site,0.0,0
36,s1_in_r1,0.0,0
36,o1_in_r1,0.0,0
36,s2_in_r1,0.0,0
36,o2_in_r1,0.0,0
36,s1_in_r2,0.0,0
36,o3_in_r2,0.0,0
36,s2_in_r2,0.0,0
36,o4_in_r2,0.0,0
36,s1_in_cue,0.0,0
36,o1_in_cue,0.0,0
36,s2_in_cue,0.0,0
36,analogy_site,0.0,0
37,s1_in_r1,0.0,0
37,o1_in_r1,0.0,0
37,s2_in_r1,0.0,0
37,o2_in_r1,0.0,0
37,s1_in_r2,0.0,0
37,o3_in_r2,0.0,0
37,s2_in_r2,0.0,0
37,o4_in_r2,0.0,0
37,s1_in_cue,0.0,0
37,o1_in_cue,0.0,0
37,s2_in_cue,0.0,0
37,analogy_site,0.0,0
38,s1_in_r1,0.0,0
38,o1_in_r1,0.0,0
38,s2_in_r1,0.0,0
38,o2_in_r1,0.0,0
38,s1_in_r2,0.0,0
38,o3_in_r2,0.0,0
38,s2_in_r2,0.0,0
38,o4_in_r2,0.0,0
38,s1_in_cue,0.0,0
38,o1_in_cue,0.0,0
38,s2_in_cue,0.0,0
38,analogy_site,0.0,0
39,s1_in_r1,0.0,0
39,o1_in_r1,0.0,0
39,s2_in_r1,0.0,0
39,o2_in_r1,0.0,0
39,s1_in_r2,0.0,0
39,o3_in_r2,0.0,0
39,s2_in_r2,0.0,0
39,o4_in_r2,0.0,0
39,s1_in_cue,0.0,0
39,o1_in_cue,0.0,0
39,s2_in_cue,0.0,0
39,analogy_site,0.0,0
40,s1_in_r1,0.0,0
40,o1_in_r1,0.0,0
40,s2_in_r1,0.0,0
40,o2_in_r1,0.0,0
40,s1_in_r2,0.0,0
40,o3_in_r2,0.0,0
40,s2_in_r2,0.0,0
40,o4_in_r2,0.0,0
40,s1_in_cue,0.0,0
40,o1_in_cue,0.0,0
40,s2_in_cue,0.0,0
40,analogy_site,0.0,0
41,s1_in_r1,0.0,0
41,o1_in_r1,0.0,0
41,s2_in_r1,0.0,0
41,o2_in_r1,0.0,0
41,s1_in_r2,0.0,0
41,o3_in_r2,0.0,0
41,s2_in_r2,0.0,0
41,o4_in_r2,0.0,0
41,s1_in_cue,0.0,0
41,o1_in_cue,0.0,0
41,s2_in_cue,0.0,0
41,analogy_site,0.0,0
42,s1_in_r1,0.0,0
42,o1_in_r1,0.0,0
42,s2_in_r1,0.0,0
42,o2_in_r1,0.0,0
42,s1_in_r2,0.0,0
42,o3_in_r2,0.0,0
42,s2_in_r2,0.0,0
42,o4_in_r2,0.0,0
42,s1_in_cue,0.0,0
42,o1_in_cue,0.0,0
42,s2_in_cue,0.0,0
42,analogy_site,0.0,0
43,s1_in_r1,0.0,0
43,o1_in_r1,0.0,0
43,s2_in_r1,0.0,0
43,o2_in_r1,0.0,0
43,s1_in_r2,0.0,0
43,o3_in_r2,0.0,0
43,s2_in_r2,0.0,0
43,o4_in_r2,0.0,0
43,s1_in_cue,0.0,0
43,o1_in_cue,0.0,0
43,s2_in_cue,0.0,0
43,analogy_site,0.0,0
44,s1_in_r1,0.0,0
44,o1_in_r1,0.0,0
44,s2_in_r1,0.0,0
44,o2_in_r1,0.0,0
44,s1_in_r2,0.0,0
44,o3_in_r2,0.0,0
44,s2_in_r2,0.0,0
44,o4_in_r2,0.0,0
44,s1_in_cue,0.0,0
44,o1_in_cue,0.0,0
44,s2_in_cue,0.0,0
44,analogy_site,0.0,0
45,s1_in_r1,0.0,0
45,o1_in_r1,0.0,0
45,s2_in_r1,0.0,0
45,o2_in_r1,0.0,0
45,s1_in_r2,0.0,0
45,o3_in_r2,0.0,0
45,s2_in_r2,0.0,0
45,o4_in_r2,0.0,0
45,s1_in_cue,0.0,0
45,o1_in_cue,0.0,0
45,s2_in_cue,0.0,0
45,analogy_site,0.0,0
46,s1_in_r1,0.0,0
46,o1_in_r1,0.0,0
46,s2_in_r1,0.0,0
46,o2_in_r1,0.0,0
46,s1_in_r2,0.0,0
46,o3_in_r2,0.0,0
46,s2_in_r2,0.0,0
46,o4_in_r2,0.0,0
46,s1_in_cue,0.0,0
46,o1_in_cue,0.0,0
46,s2_in_cue,0.0,0
46,analogy_site,0.0,0
47,s1_in_r1,0.0,0
47,o1_in_r1,0.0,0
47,s2_in_r1,0.0,0
47,o2_in_r1,0.0,0
47,s1_in_r2,0.0,0
47,o3_in_r2,0.0,0
47,s2_in_r2,0.0,0
47,o4_in_r2,0.0,0
47,s1_in_cue,0.0,0
47,o1_in_cue,0.0,0
47,s2_in_cue,0.0,0
47,analogy_site,0.0,0
48,s1_in_r1,0.0,0
48,o1_in_r1,0.0,0
48,s2_in_r1,0.0,0
48,o2_in_r1,0.0,0
48,s1_in_r2,0.0,0
48,o3_in_r2,0.0,0
48,s2_in_r2,0.0,0
48,o4_in_r2,0.0,0
48,s1_in_cue,0.0,0
48,o1_in_cue,0.0,0
48,s2_in_cue,0.0,0
48,analogy_site,0.0,0
49,s1_in_r1,0.0,0
49,o1_in_r1,0.0,0
49,s2_in_r1,0.0,0
49,o2_in_r1,0.0,0
49,s1_in_r2,0.0,0
49,o3_in_r2,0.0,0
49,s2_in_r2,0.0,0
49,o4_in_r2,0.0,0
49,s1_in_cue,0.0,0
49,o1_in_cue,0.0,0
49,s2_in_cue,0.0,0
49,analogy_site,0.0,0
50,s1_in_r1,0.0,0
50,o1_in_r1,0.0,0
50,s2_in_r1,0.0,0
50,o2_in_r1,0.0,0
50,s1_in_r2,0.0,0
50,o3_in_r2,0.0,0
50,s2_in_r2,0.0,0
50,o4_in_r2,0.0,0
50,s1_in_cue,0.0,0
50,o1_in_cue,0.0,0
50,s2_in_cue,0.0,0
50,analogy_site,0.0,0
51,s1_in_r1,0.0,0
51,o1_in_r1,0.0,0
51,s2_in_r1,0.0,0
51,o2_in_r1,0.0,0
51,s1_in_r2,0.0,0
51,o3_in_r2,0.0,0
51,s2_in_r2,0.0,0
51,o4_in_r2,0.0,0
51,s1_in_cue,0.0,0
51,o1_in_cue,0.0,0
51,s2_in_cue,0.0,0
51,analogy_site,0.0,0
52,s1_in_r1,0.0,0
52,o1_in_r1,0.0,0
52,s2_in_r1,0.0,0
52,o2_in_r1,0.0,0
52,s1_in_r2,0.0,0
52,o3_in_r2,0.0,0
52,s2_in_r2,0.0,0
52,o4_in_r2,0.0,0
52,s1_in_cue,0.0,0
52,o1_in_cue,0.0,0
52,s2_in_cue,0.0,0
52,analogy_site,0.0,0
53,s1_in_r1,0.0,0
53,o1_in_r1,0.0,0
53,s2_in_r1,0.0,0
53,o2_in_r1,0.0,0
53,s1_in_r2,0.0,0
53,o3_in_r2,0.0,0
53,s2_in_r2,0.0,0
53,o4_in_r2,0.0,0
53,s1_in_cue,0.0,0
53,o1_in_cue,0.0,0
53,s2_in_cue,0.0,0
53,analogy_site,0.0,0
54,s1_in_r1,0.0,0
54,o1_in_r1,0.0,0
54,s2_in_r1,0.0,0
54,o2_in_r1,0.0,0
54,s1_in_r2,0.0,0
54,o3_in_r2,0.0,0
54,s2_in_r2,0.0,0
54,o4_in_r2,0.0,0
54,s1_in_cue,0.0,0
54,o1_in_cue,0.0,0
54,s2_in_cue,0.0,0
54,analogy_site,0.0,0
55,s1_in_r1,0.0,0
55,o1_in_r1,0.0,0
55,s2_in_r1,0.0,0
55,o2_in_r1,0.0,0
55,s1_in_r2,0.0,0
55,o3_in_r2,0.0,0
55,s2_in_r2,0.0,0
55,o4_in_r2,0.0,0
55,s1_in_cue,0.0,0
55,o1_in_cue,0.0,0
55,s2_in_cue,0.0,0
55,analogy_site,0.0,0
56,s1_in_r1,0.0,0
56,o1_in_r1,0.0,0
56,s2_in_r1,0.0,0
56,o2_in_r1,0.0,0
56,s1_in_r2,0.0,0
56,o3_in_r2,0.0,0
56,s2_in_r2,0.0,0
56,o4_in_r2,0.0,0
56,s1_in_cue,0.0,0
56,o1_in_cue,0.0,0
56,s2_in_cue,0.0,0
56,analogy_site,0.0,0
57,s1_in_r1,0.0,0
57,o1_in_r1,0.0,0
57,s2_in_r1,0.0,0
57,o2_in_r1,0.0,0
57,s1_in_r2,0.0,0
57,o3_in_r2,0.0,0
57,s2_in_r2,0.0,0
57,o4_in_r2,0.0,0
57,s1_in_cue,0.0,0
57,o1_in_cue,0.0,0
57,s2_in_cue,0.0,0
57,analogy_site,0.0,0
58,s1_in_r1,0.0,0
58,o1_in_r1,0.0,0
58,s2_in_r1,0.0,0
58,o2_in_r1,0.0,0
58,s1_in_r2,0.0,0
58,o3_in_r2,0.0,0
58,s2_in_r2,0.0,0
58,o4_in_r2,0.0,0
58,s1_in_cue,0.0,0
58,o1_in_cue,0.0,0
58,s2_in_cue,0.0,0
58,analogy_site,0.0,0
59,s1_in_r1,0.0,0
59,o1_in_r1,0.0,0
59,s2_in_r1,0.0,0
59,o2_in_r1,0.0,0
59,s1_in_r2,0.0,0
59,o3_in_r2,0.0,0
59,s2_in_r2,0.0,0
59,o4_in_r2,0.0,0
59,s1_in_cue,0.0,0
59,o1_in_cue,0.0,0
59,s2_in_cue,0.0,0
59,analogy_site,0.0,0
60,s1_in_r1,0.0,0
60,o1_in_r1,0.0,0
60,s2_in_r1,0.0,0
60,o2_in_r1,0.0,0
60,s1_in_r2,0.0,0
60,o3_in_r2,0.0,0
60,s2_in_r2,0.0,0
60,o4_in_r2,0.0,0
60,s1_in_cue,0.0,0
60,o1_in_cue,0.0,0
60,s2_in_cue,0.0,0
60,analogy_site,0.0,0
61,s1_in_r1,0.0,0
61,o1_in_r1,0.0,0
61,s2_in_r1,0.0,0
61,o2_in_r1,0.0,0
61,s1_in_r2,0.0,0
61,o3_in_r2,0.0,0
61,s2_in_r2,0.0,0
61,o4_in_r2,0.0,0
61,s1_in_cue,0.0,0
61,o1_in_cue,0.0,0
61,s2_in_cue,0.0,0
61,analogy_site,0.0,0
62,s1_in_r1,0.0,0
62,o1_in_r1,0.0,0
62,s2_in_r1,0.0,0
62,o2_in_r1,0.0,0
62,s1_in_r2,0.0,0
62,o3_in_r2,0.0,0
62,s2_in_r2,0.0,0
62,o4_in_r2,0.0,0
62,s1_in_cue,0.0,0
62,o1_in_cue,0.0,0
62,s2_in_cue,0.0,0
62,analogy_site,0.0,0
63,s1_in_r1,0.0,0
63,o1_in_r1,0.0,0
63,s2_in_r1,0.0,0
63,o2_in_r1,0.0,0
63,s1_in_r2,0.0,0
63,o3_in_r2,0.0,0
63,s2_in_r2,0.0,0
63,o4_in_r2,0.0,0
63,s1_in_cue,0.0,0
63,o1_in_cue,0.0,0
63,s2_in_cue,0.0,0
63,analogy_site,0.0,0
64,s1_in_r1,0.0,0
64,o1_in_r1,0.0,0
64,s2_in_r1,0.0,0
64,o2_in_r1,0.0,0
64,s1_in_r2,0.0,0
64,o3_in_r2,0.0,0
64,s2_in_r2,0.0,0
64,o4_in_r2,0.0,0
64,s1_in_cue,0.0,0
64,o1_in_cue,0.0,0
64,s2_in_cue,0.0,0
64,analogy_site,0.0,0
65,s1_in_r1,0.0,0
65,o1_in_r1,0.0,0
65,s2_in_r1,0.0,0
65,o2_in_r1,0.0,0
65,s1_in_r2,0.0,0
65,o3_in_r2,0.0,0
65,s2_in_r2,0.0,0
65,o4_in_r2,0.0,0
65,s1_in_cue,0.0,0
65,o1_in_cue,0.0,0
65,s2_in_cue,0.0,0
65,analogy_site,0.0,0
66,s1_in_r1,0.0,0
66,o1_in_r1,0.0,0
66,s2_in_r1,0.0,0
66,o2_in_r1,0.0,0
66,s1_in_r2,0.0,0
66,o3_in_r2,0.0,0
66,s2_in_r2,0.0,0
66,o4_in_r2,0.0,0
66,s1_in_cue,0.0,0
66,o1_in_cue,0.0,0
66,s2_in_cue,0.0,0
66,analogy_site,0.0,0
67,s1_in_r1,0.0,0
67,o1_in_r1,0.0,0
67,s2_in_r1,0.0,0
67,o2_in_r1,0.0,0
67,s1_in_r2,0.0,0
67,o3_in_r2,0.0,0
67,s2_in_r2,0.0,0
67,o4_in_r2,0.0,0
67,s1_in_cue,0.0,0
67,o1_in_cue,0.0,0
67,s2_in_cue,0.0,0
67,analogy_site,0.0,0
68,s1_in_r1,0.0,0
68,o1_in_r1,0.0,0
68,s2_in_r1,0.0,0
68,o2_in_r1,0.0,0
68,s1_in_r2,0.0,0
68,o3_in_r2,0.0,0
68,s2_in_r2,0.0,0
68,o4_in_r2,0.0,0
68,s1_in_cue,0.0,0
68,o1_in_cue,0.0,0
68,s2_in_cue,0.0,0
68,analogy_site,0.0,0
69,s1_in_r1,0.0,0
69,o1_in_r1,0.0,0
69,s2_in_r1,0.0,0
69,o2_in_r1,0.0,0
69,s1_in_r2,0.0,0
69,o3_in_r2,0.0,0
69,s2_in_r2,0.0,0
69,o4_in_r2,0.0,0
69,s1_in_cue,0.0,0
69,o1_in_cue,0.0,0
69,s2_in_cue,0.0,0
69,analogy_site,0.0,0
70,s1_in_r1,0.0,0
70,o1_in_r1,0.0,0
70,s2_in_r1,0.0,0
70,o2_in_r1,0.0,0
70,s1_in_r2,0.0,0
70,o3_in_r2,0.0,0
70,s2_in_r2,0.0,0
70,o4_in_r2,0.0,0
70,s1_in_cue,0.0,0
70,o1_in_cue,0.0,0
70,s2_in_cue,0.0,0
70,analogy_site,0.0,0
71,s1_in_r1,0.0,0
71,o1_in_r1,0.0,0
71,s2_in_r1,0.0,0
71,o2_in_r1,0.0,0
71,s1_in_r2,0.0,0
71,o3_in_r2,0.0,0
71,s2_in_r2,0.0,0
71,o4_in_r2,0.0,0
71,s1_in_cue,0.0,0
71,o1_in_cue,0.0,0
71,s2_in_cue,0.0,0
71,analogy_site,0.0,0
72,s1_in_r1,0.0,0
72,o1_in_r1,0.0,0
72,s2_in_r1,0.0,0
72,o2_in_r1,0.0,0
72,s1_in_r2,0.0,0
72,o3_in_r2,0.0,0
72,s2_in_r2,0.0,0
72,o4_in_r2,0.0,0
72,s1_in_cue,0.0,0
72,o1_in_cue,0.0,0
72,s2_in_cue,0.0,0
72,analogy_site,0.0,0
73,s1_in_r1,0.0,0
73,o1_in_r1,0.0,0
73,s2_in_r1,0.0,0
73,o2_in_r1,0.0,0
73,s1_in_r2,0.0,0
73,o3_in_r2,0.0,0
73,s2_in_r2,0.0,0
73,o4_in_r2,0.0,0
73,s1_in_cue,0.0,0
73,o1_in_cue,0.0,0
73,s2_in_cue,0.0,0
73,analogy_site,0.0,0
74,s1_in_r1,0.0,0
74,o1_in_r1,0.0,0
74,s2_in_r1,0.0,0
74,o2_in_r1,0.0,0
74,s1_in_r2,0.0,0
74,o3_in_r2,0.0,0
74,s2_in_r2,0.0,0
74,o4_in_r2,0.0,0
74,s1_in_cue,0.0,0
74,o1_in_cue,0.0,0
74,s2_in_cue,0.0,0
74,analogy_site,0.0,0
75,s1_in_r1,0.0,0
75,o1_in_r1,0.0,0
75,s2_in_r1,0.0,0
75,o2_in_r1,0.0,0
75,s1_in_r2,0.0,0
75,o3_in_r2,0.0,0
75,s2_in_r2,0.0,0
75,o4_in_r2,0.0,0
75,s1_in_cue,0.0,0
75,o1_in_cue,0.0,0
75,s2_in_cue,0.0,0
75,analogy_site,0.0,0
76,s1_in_r1,0.0,0
76,o1_in_r1,0.0,0
76,s2_in_r1,0.0,0
76,o2_in_r1,0.0,0
76,s1_in_r2,0.0,0
76,o3_in_r2,0.0,0
76,s2_in_r2,0.0,0
76,o4_in_r2,0.0,0
76,s1_in_cue,0.0,0
76,o1_in_cue,0.0,0
76,s2_in_cue,0.0,0
76,analogy_site,0.0,0
77,s1_in_r1,0.0,0
77,o1_in_r1,0.0,0
77,s2_in_r1,0.0,0
77,o2_in_r1,0.0,0
77,s1_in_r2,0.0,0
77,o3_in_r2,0.0,0
77,s2_in_r2,0.0,0
77,o4_in_r2,0.0,0
77,s1_in_cue,0.0,0
77,o1_in_cue,0.0,0
77,s2_in_cue,0.0,0
77,analogy_site,0.0,0
78,s1_in_r1,0.0,0
78,o1_in_r1,0.0,0
78,s2_in_r1,0.0,0
78,o2_in_r1,0.0,0
78,s1_in_r2,0.0,0
78,o3_in_r2,0.0,0
78,s2_in_r2,0.0,0
78,o4_in_r2,0.0,0
78,s1_in_cue,0.0,0
78,o1_in_cue,0.0,0
78,s2_in_cue,0.0,0
78,analogy_site,0.0,0
79,s1_in_r1,0.0,0
79,o1_in_r1,0.0,0
79,s2_in_r1,0.0,0
79,o2_in_r1,0.0,0
79,s1_in_r2,0.0,0
79,o3_in_r2,0.0,0
79,s2_in_r2,0.0,0
79,o4_in_r2,0.0,0
79,s1_in_cue,0.0,0
79,o1_in_cue,0.0,0
79,s2_in_cue,0.0,0
79,analogy_site,0.0,0
